page,source,capture_comparison,allowed_corrections
/cn/docs/cast/screen-casting.html,https://developer.dpvr.com/resources/doc_cn.html#screen-casting,PASS,[]
/cn/docs/copy/configuration-example.html,https://dl.dpvr.com/resources/DPVR%20TF%20Card%20Copy%20Tool/CopyTool.zip#member=copy_config.json,PASS,[]
/cn/docs/copy/copy-tool-guide.html,https://developer.dpvr.com/resources/doc_cn.html#copy-tool-guide,PASS,[]
/cn/docs/dm/Apis/activityJobs/GetRunningPackages.html,https://static.dpvr.com/apps/developer/devicemanager/V2/cn/Apis/activityJobs/GetRunningPackages.html,PASS,[]
/cn/docs/dm/Apis/activityJobs/GetTopPackageName.html,https://static.dpvr.com/apps/developer/devicemanager/V2/cn/Apis/activityJobs/GetTopPackageName.html,PASS,[]
/cn/docs/dm/Apis/activityJobs/KillBackground.html,https://static.dpvr.com/apps/developer/devicemanager/V2/cn/Apis/activityJobs/KillBackground.html,PASS,[]
/cn/docs/dm/Apis/activityJobs/ListRecentApps.html,https://static.dpvr.com/apps/developer/devicemanager/V2/cn/Apis/activityJobs/ListRecentApps.html,PASS,[]
/cn/docs/dm/Apis/activityJobs/RemoveRecentApps.html,https://static.dpvr.com/apps/developer/devicemanager/V2/cn/Apis/activityJobs/RemoveRecentApps.html,PASS,[]
/cn/docs/dm/Apis/activityJobs/StartActivity.html,https://static.dpvr.com/apps/developer/devicemanager/V2/cn/Apis/activityJobs/StartActivity.html,PASS,[]
/cn/docs/dm/Apis/activityJobs/StopPackage.html,https://static.dpvr.com/apps/developer/devicemanager/V2/cn/Apis/activityJobs/StopPackage.html,PASS,[]
/cn/docs/dm/Apis/activityJobs/index.html,https://static.dpvr.com/apps/developer/devicemanager/V2/cn/Apis/activityJobs/index.html,PASS,[]
/cn/docs/dm/Apis/batteryJobs/GetBatteryLevel.html,https://static.dpvr.com/apps/developer/devicemanager/V2/cn/Apis/batteryJobs/GetBatteryLevel.html,PASS,[]
/cn/docs/dm/Apis/batteryJobs/GetBatteryState.html,https://static.dpvr.com/apps/developer/devicemanager/V2/cn/Apis/batteryJobs/GetBatteryState.html,PASS,[]
/cn/docs/dm/Apis/batteryJobs/IsScreenOn.html,https://static.dpvr.com/apps/developer/devicemanager/V2/cn/Apis/batteryJobs/IsScreenOn.html,PASS,[]
/cn/docs/dm/Apis/batteryJobs/RegistBatteryStateListener.html,https://static.dpvr.com/apps/developer/devicemanager/V2/cn/Apis/batteryJobs/RegistBatteryStateListener.html,PASS,[]
/cn/docs/dm/Apis/batteryJobs/index.html,https://static.dpvr.com/apps/developer/devicemanager/V2/cn/Apis/batteryJobs/index.html,PASS,[]
/cn/docs/dm/Apis/bluetoothJobs/CancelDiscovery.html,https://static.dpvr.com/apps/developer/devicemanager/V2/cn/Apis/bluetoothJobs/CancelDiscovery.html,PASS,[]
/cn/docs/dm/Apis/bluetoothJobs/ConnectBluetoothDevice.html,https://static.dpvr.com/apps/developer/devicemanager/V2/cn/Apis/bluetoothJobs/ConnectBluetoothDevice.html,PASS,[]
/cn/docs/dm/Apis/bluetoothJobs/DisconnectBTDevice.html,https://static.dpvr.com/apps/developer/devicemanager/V2/cn/Apis/bluetoothJobs/DisconnectBTDevice.html,PASS,[]
/cn/docs/dm/Apis/bluetoothJobs/GetBTLocalName.html,https://static.dpvr.com/apps/developer/devicemanager/V2/cn/Apis/bluetoothJobs/GetBTLocalName.html,PASS,[]
/cn/docs/dm/Apis/bluetoothJobs/GetBluetoothState.html,https://static.dpvr.com/apps/developer/devicemanager/V2/cn/Apis/bluetoothJobs/GetBluetoothState.html,PASS,[]
/cn/docs/dm/Apis/bluetoothJobs/GetBondedDevices.html,https://static.dpvr.com/apps/developer/devicemanager/V2/cn/Apis/bluetoothJobs/GetBondedDevices.html,PASS,[]
/cn/docs/dm/Apis/bluetoothJobs/GetConnectedDevices.html,https://static.dpvr.com/apps/developer/devicemanager/V2/cn/Apis/bluetoothJobs/GetConnectedDevices.html,PASS,[]
/cn/docs/dm/Apis/bluetoothJobs/GetLocalBluetoothMac.html,https://static.dpvr.com/apps/developer/devicemanager/V2/cn/Apis/bluetoothJobs/GetLocalBluetoothMac.html,PASS,[]
/cn/docs/dm/Apis/bluetoothJobs/IsBluetoothEnabled.html,https://static.dpvr.com/apps/developer/devicemanager/V2/cn/Apis/bluetoothJobs/IsBluetoothEnabled.html,PASS,[]
/cn/docs/dm/Apis/bluetoothJobs/IsDiscovering.html,https://static.dpvr.com/apps/developer/devicemanager/V2/cn/Apis/bluetoothJobs/IsDiscovering.html,PASS,[]
/cn/docs/dm/Apis/bluetoothJobs/SetBTLocalName.html,https://static.dpvr.com/apps/developer/devicemanager/V2/cn/Apis/bluetoothJobs/SetBTLocalName.html,PASS,[]
/cn/docs/dm/Apis/bluetoothJobs/SetBluetoothEnabled.html,https://static.dpvr.com/apps/developer/devicemanager/V2/cn/Apis/bluetoothJobs/SetBluetoothEnabled.html,PASS,[]
/cn/docs/dm/Apis/bluetoothJobs/StartDiscovery.html,https://static.dpvr.com/apps/developer/devicemanager/V2/cn/Apis/bluetoothJobs/StartDiscovery.html,PASS,[]
/cn/docs/dm/Apis/bluetoothJobs/UnbindBTDevice.html,https://static.dpvr.com/apps/developer/devicemanager/V2/cn/Apis/bluetoothJobs/UnbindBTDevice.html,PASS,[]
/cn/docs/dm/Apis/bluetoothJobs/index.html,https://static.dpvr.com/apps/developer/devicemanager/V2/cn/Apis/bluetoothJobs/index.html,PASS,[]
/cn/docs/dm/Apis/controllerJobs/GetControllerBindInfo.html,https://static.dpvr.com/apps/developer/devicemanager/V2/cn/Apis/controllerJobs/GetControllerBindInfo.html,PASS,[]
/cn/docs/dm/Apis/controllerJobs/index.html,https://static.dpvr.com/apps/developer/devicemanager/V2/cn/Apis/controllerJobs/index.html,PASS,[]
/cn/docs/dm/Apis/daemonJobs/AddDaemonService.html,https://static.dpvr.com/apps/developer/devicemanager/V2/cn/Apis/daemonJobs/AddDaemonService.html,PASS,[]
/cn/docs/dm/Apis/daemonJobs/index.html,https://static.dpvr.com/apps/developer/devicemanager/V2/cn/Apis/daemonJobs/index.html,PASS,[]
/cn/docs/dm/Apis/displayJobs/SetResolution2_5K.html,https://static.dpvr.com/apps/developer/devicemanager/V2/cn/Apis/displayJobs/SetResolution2_5K.html,PASS,[]
/cn/docs/dm/Apis/displayJobs/SetResolution4K.html,https://static.dpvr.com/apps/developer/devicemanager/V2/cn/Apis/displayJobs/SetResolution4K.html,PASS,[]
/cn/docs/dm/Apis/displayJobs/SetScreenOff.html,https://static.dpvr.com/apps/developer/devicemanager/V2/cn/Apis/displayJobs/SetScreenOff.html,PASS,[]
/cn/docs/dm/Apis/displayJobs/SetScreenOn.html,https://static.dpvr.com/apps/developer/devicemanager/V2/cn/Apis/displayJobs/SetScreenOn.html,PASS,[]
/cn/docs/dm/Apis/displayJobs/index.html,https://static.dpvr.com/apps/developer/devicemanager/V2/cn/Apis/displayJobs/index.html,PASS,[]
/cn/docs/dm/Apis/index.html,https://static.dpvr.com/apps/developer/devicemanager/V2/cn/Apis/index.html,PASS,[]
/cn/docs/dm/Apis/inputJobs/DoRecenter.html,https://static.dpvr.com/apps/developer/devicemanager/V2/cn/Apis/inputJobs/DoRecenter.html,PASS,[]
/cn/docs/dm/Apis/inputJobs/GetInputState.html,https://static.dpvr.com/apps/developer/devicemanager/V2/cn/Apis/inputJobs/GetInputState.html,PASS,[]
/cn/docs/dm/Apis/inputJobs/SetInputState.html,https://static.dpvr.com/apps/developer/devicemanager/V2/cn/Apis/inputJobs/SetInputState.html,PASS,[]
/cn/docs/dm/Apis/inputJobs/index.html,https://static.dpvr.com/apps/developer/devicemanager/V2/cn/Apis/inputJobs/index.html,PASS,[]
/cn/docs/dm/Apis/locationJobs/GetCalendarTime.html,https://static.dpvr.com/apps/developer/devicemanager/V2/cn/Apis/locationJobs/GetCalendarTime.html,PASS,[]
/cn/docs/dm/Apis/locationJobs/GetCountriesByLanguage.html,https://static.dpvr.com/apps/developer/devicemanager/V2/cn/Apis/locationJobs/GetCountriesByLanguage.html,PASS,[]
/cn/docs/dm/Apis/locationJobs/GetCurTimeZone.html,https://static.dpvr.com/apps/developer/devicemanager/V2/cn/Apis/locationJobs/GetCurTimeZone.html,PASS,[]
/cn/docs/dm/Apis/locationJobs/GetCurrentLanguageCountry.html,https://static.dpvr.com/apps/developer/devicemanager/V2/cn/Apis/locationJobs/GetCurrentLanguageCountry.html,PASS,[]
/cn/docs/dm/Apis/locationJobs/GetCurrentSystemCountry.html,https://static.dpvr.com/apps/developer/devicemanager/V2/cn/Apis/locationJobs/GetCurrentSystemCountry.html,PASS,[]
/cn/docs/dm/Apis/locationJobs/GetCurrentSystemLanguage.html,https://static.dpvr.com/apps/developer/devicemanager/V2/cn/Apis/locationJobs/GetCurrentSystemLanguage.html,PASS,[]
/cn/docs/dm/Apis/locationJobs/GetSupportLanguageList.html,https://static.dpvr.com/apps/developer/devicemanager/V2/cn/Apis/locationJobs/GetSupportLanguageList.html,PASS,[]
/cn/docs/dm/Apis/locationJobs/SetCalendarTime.html,https://static.dpvr.com/apps/developer/devicemanager/V2/cn/Apis/locationJobs/SetCalendarTime.html,PASS,[]
/cn/docs/dm/Apis/locationJobs/SetLanguage.html,https://static.dpvr.com/apps/developer/devicemanager/V2/cn/Apis/locationJobs/SetLanguage.html,PASS,[]
/cn/docs/dm/Apis/locationJobs/SetTimeZone.html,https://static.dpvr.com/apps/developer/devicemanager/V2/cn/Apis/locationJobs/SetTimeZone.html,PASS,[]
/cn/docs/dm/Apis/locationJobs/index.html,https://static.dpvr.com/apps/developer/devicemanager/V2/cn/Apis/locationJobs/index.html,PASS,[]
/cn/docs/dm/Apis/mediaJobs/CheckDpvrMiraCastState.html,https://static.dpvr.com/apps/developer/devicemanager/V2/cn/Apis/mediaJobs/CheckDpvrMiraCastState.html,PASS,[]
/cn/docs/dm/Apis/mediaJobs/GetAudioRecordType.html,https://static.dpvr.com/apps/developer/devicemanager/V2/cn/Apis/mediaJobs/GetAudioRecordType.html,PASS,[]
/cn/docs/dm/Apis/mediaJobs/GetCurrentSystemVolume.html,https://static.dpvr.com/apps/developer/devicemanager/V2/cn/Apis/mediaJobs/GetCurrentSystemVolume.html,PASS,[]
/cn/docs/dm/Apis/mediaJobs/GetProjectionScreenView.html,https://static.dpvr.com/apps/developer/devicemanager/V2/cn/Apis/mediaJobs/GetProjectionScreenView.html,PASS,[]
/cn/docs/dm/Apis/mediaJobs/RegisterRecordingStatusListener.html,https://static.dpvr.com/apps/developer/devicemanager/V2/cn/Apis/mediaJobs/RegisterRecordingStatusListener.html,PASS,[]
/cn/docs/dm/Apis/mediaJobs/RegisterVideoPlayerStatusListener.html,https://static.dpvr.com/apps/developer/devicemanager/V2/cn/Apis/mediaJobs/RegisterVideoPlayerStatusListener.html,PASS,[]
/cn/docs/dm/Apis/mediaJobs/SetAudioRecordType.html,https://static.dpvr.com/apps/developer/devicemanager/V2/cn/Apis/mediaJobs/SetAudioRecordType.html,PASS,[]
/cn/docs/dm/Apis/mediaJobs/SetCurrentSystemVolume.html,https://static.dpvr.com/apps/developer/devicemanager/V2/cn/Apis/mediaJobs/SetCurrentSystemVolume.html,PASS,[]
/cn/docs/dm/Apis/mediaJobs/SetProjectionScreenView.html,https://static.dpvr.com/apps/developer/devicemanager/V2/cn/Apis/mediaJobs/SetProjectionScreenView.html,PASS,[]
/cn/docs/dm/Apis/mediaJobs/SetVideoAutoLoop.html,https://static.dpvr.com/apps/developer/devicemanager/V2/cn/Apis/mediaJobs/SetVideoAutoLoop.html,PASS,[]
/cn/docs/dm/Apis/mediaJobs/SetVideoModel.html,https://static.dpvr.com/apps/developer/devicemanager/V2/cn/Apis/mediaJobs/SetVideoModel.html,PASS,[]
/cn/docs/dm/Apis/mediaJobs/SetVideoResumePause.html,https://static.dpvr.com/apps/developer/devicemanager/V2/cn/Apis/mediaJobs/SetVideoResumePause.html,PASS,[]
/cn/docs/dm/Apis/mediaJobs/SetVideoSeek.html,https://static.dpvr.com/apps/developer/devicemanager/V2/cn/Apis/mediaJobs/SetVideoSeek.html,PASS,[]
/cn/docs/dm/Apis/mediaJobs/SetVideoStop.html,https://static.dpvr.com/apps/developer/devicemanager/V2/cn/Apis/mediaJobs/SetVideoStop.html,PASS,[]
/cn/docs/dm/Apis/mediaJobs/StartDpvrVideoPlayer.html,https://static.dpvr.com/apps/developer/devicemanager/V2/cn/Apis/mediaJobs/StartDpvrVideoPlayer.html,PASS,[]
/cn/docs/dm/Apis/mediaJobs/StartMiracast.html,https://static.dpvr.com/apps/developer/devicemanager/V2/cn/Apis/mediaJobs/StartMiracast.html,PASS,[]
/cn/docs/dm/Apis/mediaJobs/StartScreenRecorder.html,https://static.dpvr.com/apps/developer/devicemanager/V2/cn/Apis/mediaJobs/StartScreenRecorder.html,PASS,[]
/cn/docs/dm/Apis/mediaJobs/StopMiracast.html,https://static.dpvr.com/apps/developer/devicemanager/V2/cn/Apis/mediaJobs/StopMiracast.html,PASS,[]
/cn/docs/dm/Apis/mediaJobs/StopScreenRecorder.html,https://static.dpvr.com/apps/developer/devicemanager/V2/cn/Apis/mediaJobs/StopScreenRecorder.html,PASS,[]
/cn/docs/dm/Apis/mediaJobs/TakeScreenShot.html,https://static.dpvr.com/apps/developer/devicemanager/V2/cn/Apis/mediaJobs/TakeScreenShot.html,PASS,[]
/cn/docs/dm/Apis/mediaJobs/index.html,https://static.dpvr.com/apps/developer/devicemanager/V2/cn/Apis/mediaJobs/index.html,PASS,[]
/cn/docs/dm/Apis/messengerJobs/SendMessage.html,https://static.dpvr.com/apps/developer/devicemanager/V2/cn/Apis/messengerJobs/SendMessage.html,PASS,[]
/cn/docs/dm/Apis/messengerJobs/StartListenMessenger.html,https://static.dpvr.com/apps/developer/devicemanager/V2/cn/Apis/messengerJobs/StartListenMessenger.html,PASS,[]
/cn/docs/dm/Apis/messengerJobs/StopListenMessenger.html,https://static.dpvr.com/apps/developer/devicemanager/V2/cn/Apis/messengerJobs/StopListenMessenger.html,PASS,[]
/cn/docs/dm/Apis/messengerJobs/index.html,https://static.dpvr.com/apps/developer/devicemanager/V2/cn/Apis/messengerJobs/index.html,PASS,[]
/cn/docs/dm/Apis/otaJobs/CancelDownload.html,https://static.dpvr.com/apps/developer/devicemanager/V2/cn/Apis/otaJobs/CancelDownload.html,PASS,[]
/cn/docs/dm/Apis/otaJobs/CheckVersion.html,https://static.dpvr.com/apps/developer/devicemanager/V2/cn/Apis/otaJobs/CheckVersion.html,PASS,[]
/cn/docs/dm/Apis/otaJobs/GetCurVersion.html,https://static.dpvr.com/apps/developer/devicemanager/V2/cn/Apis/otaJobs/GetCurVersion.html,PASS,[]
/cn/docs/dm/Apis/otaJobs/StartApply.html,https://static.dpvr.com/apps/developer/devicemanager/V2/cn/Apis/otaJobs/StartApply.html,PASS,[]
/cn/docs/dm/Apis/otaJobs/StartOTAFileDownload.html,https://static.dpvr.com/apps/developer/devicemanager/V2/cn/Apis/otaJobs/StartOTAFileDownload.html,PASS,[]
/cn/docs/dm/Apis/otaJobs/index.html,https://static.dpvr.com/apps/developer/devicemanager/V2/cn/Apis/otaJobs/index.html,PASS,[]
/cn/docs/dm/Apis/packageJobs/CheckApkFileInstalled.html,https://static.dpvr.com/apps/developer/devicemanager/V2/cn/Apis/packageJobs/CheckApkFileInstalled.html,PASS,[]
/cn/docs/dm/Apis/packageJobs/CheckAppInstalled.html,https://static.dpvr.com/apps/developer/devicemanager/V2/cn/Apis/packageJobs/CheckAppInstalled.html,PASS,[]
/cn/docs/dm/Apis/packageJobs/CheckApplicationAuthority.html,https://static.dpvr.com/apps/developer/devicemanager/V2/cn/Apis/packageJobs/CheckApplicationAuthority.html,PASS,[]
/cn/docs/dm/Apis/packageJobs/DeletePackage.html,https://static.dpvr.com/apps/developer/devicemanager/V2/cn/Apis/packageJobs/DeletePackage.html,PASS,[]
/cn/docs/dm/Apis/packageJobs/GetAppInfoByPackageName.html,https://static.dpvr.com/apps/developer/devicemanager/V2/cn/Apis/packageJobs/GetAppInfoByPackageName.html,PASS,[]
/cn/docs/dm/Apis/packageJobs/GetInstallApplicationNumber.html,https://static.dpvr.com/apps/developer/devicemanager/V2/cn/Apis/packageJobs/GetInstallApplicationNumber.html,PASS,[]
/cn/docs/dm/Apis/packageJobs/InstallPackage.html,https://static.dpvr.com/apps/developer/devicemanager/V2/cn/Apis/packageJobs/InstallPackage.html,PASS,[]
/cn/docs/dm/Apis/packageJobs/ListPackages.html,https://static.dpvr.com/apps/developer/devicemanager/V2/cn/Apis/packageJobs/ListPackages.html,PASS,[]
/cn/docs/dm/Apis/packageJobs/RestoreDpnLauncher.html,https://static.dpvr.com/apps/developer/devicemanager/V2/cn/Apis/packageJobs/RestoreDpnLauncher.html,PASS,[]
/cn/docs/dm/Apis/packageJobs/SetDefaultLauncher.html,https://static.dpvr.com/apps/developer/devicemanager/V2/cn/Apis/packageJobs/SetDefaultLauncher.html,PASS,[]
/cn/docs/dm/Apis/packageJobs/index.html,https://static.dpvr.com/apps/developer/devicemanager/V2/cn/Apis/packageJobs/index.html,PASS,[]
/cn/docs/dm/Apis/remotecontrolJobs/IsServerConnected.html,https://static.dpvr.com/apps/developer/devicemanager/V2/cn/Apis/remotecontrolJobs/IsServerConnected.html,PASS,[]
/cn/docs/dm/Apis/remotecontrolJobs/RegisterServerMessageListener.html,https://static.dpvr.com/apps/developer/devicemanager/V2/cn/Apis/remotecontrolJobs/RegisterServerMessageListener.html,PASS,[]
/cn/docs/dm/Apis/remotecontrolJobs/SendMessageToServer.html,https://static.dpvr.com/apps/developer/devicemanager/V2/cn/Apis/remotecontrolJobs/SendMessageToServer.html,PASS,[]
/cn/docs/dm/Apis/remotecontrolJobs/StartRemoteControl.html,https://static.dpvr.com/apps/developer/devicemanager/V2/cn/Apis/remotecontrolJobs/StartRemoteControl.html,PASS,[]
/cn/docs/dm/Apis/remotecontrolJobs/index.html,https://static.dpvr.com/apps/developer/devicemanager/V2/cn/Apis/remotecontrolJobs/index.html,PASS,[]
/cn/docs/dm/Apis/sampleJobs/SampleAsyncJob.html,https://static.dpvr.com/apps/developer/devicemanager/V2/cn/Apis/sampleJobs/SampleAsyncJob.html,PASS,[]
/cn/docs/dm/Apis/sampleJobs/SampleJobWithEvents.html,https://static.dpvr.com/apps/developer/devicemanager/V2/cn/Apis/sampleJobs/SampleJobWithEvents.html,PASS,[]
/cn/docs/dm/Apis/sampleJobs/SampleSyncJob.html,https://static.dpvr.com/apps/developer/devicemanager/V2/cn/Apis/sampleJobs/SampleSyncJob.html,PASS,[]
/cn/docs/dm/Apis/sampleJobs/SampleSyncJob2.html,https://static.dpvr.com/apps/developer/devicemanager/V2/cn/Apis/sampleJobs/SampleSyncJob2.html,PASS,[]
/cn/docs/dm/Apis/sampleJobs/SampleUnregisterEventListener.html,https://static.dpvr.com/apps/developer/devicemanager/V2/cn/Apis/sampleJobs/SampleUnregisterEventListener.html,PASS,[]
/cn/docs/dm/Apis/sampleJobs/index.html,https://static.dpvr.com/apps/developer/devicemanager/V2/cn/Apis/sampleJobs/index.html,PASS,[]
/cn/docs/dm/Apis/sensorJobs/RegisterPSensorListener.html,https://static.dpvr.com/apps/developer/devicemanager/V2/cn/Apis/sensorJobs/RegisterPSensorListener.html,PASS,[]
/cn/docs/dm/Apis/sensorJobs/UnregisterPSensorListener.html,https://static.dpvr.com/apps/developer/devicemanager/V2/cn/Apis/sensorJobs/UnregisterPSensorListener.html,PASS,[]
/cn/docs/dm/Apis/sensorJobs/index.html,https://static.dpvr.com/apps/developer/devicemanager/V2/cn/Apis/sensorJobs/index.html,PASS,[]
/cn/docs/dm/Apis/storageJobs/CopyFiles.html,https://static.dpvr.com/apps/developer/devicemanager/V2/cn/Apis/storageJobs/CopyFiles.html,PASS,[]
/cn/docs/dm/Apis/storageJobs/GetAvailableMemory.html,https://static.dpvr.com/apps/developer/devicemanager/V2/cn/Apis/storageJobs/GetAvailableMemory.html,PASS,[]
/cn/docs/dm/Apis/storageJobs/GetFreeSpaceSize.html,https://static.dpvr.com/apps/developer/devicemanager/V2/cn/Apis/storageJobs/GetFreeSpaceSize.html,PASS,[]
/cn/docs/dm/Apis/storageJobs/GetTFCardState.html,https://static.dpvr.com/apps/developer/devicemanager/V2/cn/Apis/storageJobs/GetTFCardState.html,PASS,[]
/cn/docs/dm/Apis/storageJobs/GetTotalBlockSize.html,https://static.dpvr.com/apps/developer/devicemanager/V2/cn/Apis/storageJobs/GetTotalBlockSize.html,PASS,[]
/cn/docs/dm/Apis/storageJobs/GetTotalMemory.html,https://static.dpvr.com/apps/developer/devicemanager/V2/cn/Apis/storageJobs/GetTotalMemory.html,PASS,[]
/cn/docs/dm/Apis/storageJobs/GetTotalTFBlockSize.html,https://static.dpvr.com/apps/developer/devicemanager/V2/cn/Apis/storageJobs/GetTotalTFBlockSize.html,PASS,[]
/cn/docs/dm/Apis/storageJobs/index.html,https://static.dpvr.com/apps/developer/devicemanager/V2/cn/Apis/storageJobs/index.html,PASS,[]
/cn/docs/dm/Apis/systemInfoJobs/GetAndroidVersion.html,https://static.dpvr.com/apps/developer/devicemanager/V2/cn/Apis/systemInfoJobs/GetAndroidVersion.html,PASS,[]
/cn/docs/dm/Apis/systemInfoJobs/GetBrand.html,https://static.dpvr.com/apps/developer/devicemanager/V2/cn/Apis/systemInfoJobs/GetBrand.html,PASS,[]
/cn/docs/dm/Apis/systemInfoJobs/GetBuildNumber.html,https://static.dpvr.com/apps/developer/devicemanager/V2/cn/Apis/systemInfoJobs/GetBuildNumber.html,PASS,[]
/cn/docs/dm/Apis/systemInfoJobs/GetCPUModel.html,https://static.dpvr.com/apps/developer/devicemanager/V2/cn/Apis/systemInfoJobs/GetCPUModel.html,PASS,[]
/cn/docs/dm/Apis/systemInfoJobs/GetLinuxVersion.html,https://static.dpvr.com/apps/developer/devicemanager/V2/cn/Apis/systemInfoJobs/GetLinuxVersion.html,PASS,[]
/cn/docs/dm/Apis/systemInfoJobs/GetProductModel.html,https://static.dpvr.com/apps/developer/devicemanager/V2/cn/Apis/systemInfoJobs/GetProductModel.html,PASS,[]
/cn/docs/dm/Apis/systemInfoJobs/GetResolution.html,https://static.dpvr.com/apps/developer/devicemanager/V2/cn/Apis/systemInfoJobs/GetResolution.html,PASS,[]
/cn/docs/dm/Apis/systemInfoJobs/GetSerialNo.html,https://static.dpvr.com/apps/developer/devicemanager/V2/cn/Apis/systemInfoJobs/GetSerialNo.html,PASS,[]
/cn/docs/dm/Apis/systemInfoJobs/index.html,https://static.dpvr.com/apps/developer/devicemanager/V2/cn/Apis/systemInfoJobs/index.html,PASS,[]
/cn/docs/dm/Apis/systemJobs/DoMasterClean.html,https://static.dpvr.com/apps/developer/devicemanager/V2/cn/Apis/systemJobs/DoMasterClean.html,PASS,[]
/cn/docs/dm/Apis/systemJobs/GetSettingsValue.html,https://static.dpvr.com/apps/developer/devicemanager/V2/cn/Apis/systemJobs/GetSettingsValue.html,PASS,[]
/cn/docs/dm/Apis/systemJobs/GetSystemProperty.html,https://static.dpvr.com/apps/developer/devicemanager/V2/cn/Apis/systemJobs/GetSystemProperty.html,PASS,[]
/cn/docs/dm/Apis/systemJobs/GetTimeZones.html,https://static.dpvr.com/apps/developer/devicemanager/V2/cn/Apis/systemJobs/GetTimeZones.html,PASS,[]
/cn/docs/dm/Apis/systemJobs/RegisterConfigObserver.html,https://static.dpvr.com/apps/developer/devicemanager/V2/cn/Apis/systemJobs/RegisterConfigObserver.html,PASS,[]
/cn/docs/dm/Apis/systemJobs/SetSettings.html,https://static.dpvr.com/apps/developer/devicemanager/V2/cn/Apis/systemJobs/SetSettings.html,PASS,[]
/cn/docs/dm/Apis/systemJobs/SystemReboot.html,https://static.dpvr.com/apps/developer/devicemanager/V2/cn/Apis/systemJobs/SystemReboot.html,PASS,[]
/cn/docs/dm/Apis/systemJobs/SystemShutDown.html,https://static.dpvr.com/apps/developer/devicemanager/V2/cn/Apis/systemJobs/SystemShutDown.html,PASS,[]
/cn/docs/dm/Apis/systemJobs/UnregisterConfigureObserver.html,https://static.dpvr.com/apps/developer/devicemanager/V2/cn/Apis/systemJobs/UnregisterConfigureObserver.html,PASS,[]
/cn/docs/dm/Apis/systemJobs/index.html,https://static.dpvr.com/apps/developer/devicemanager/V2/cn/Apis/systemJobs/index.html,PASS,[]
/cn/docs/dm/Apis/wifiJobs/ConnectWifi.html,https://static.dpvr.com/apps/developer/devicemanager/V2/cn/Apis/wifiJobs/ConnectWifi.html,PASS,[]
/cn/docs/dm/Apis/wifiJobs/DisconnectWifi.html,https://static.dpvr.com/apps/developer/devicemanager/V2/cn/Apis/wifiJobs/DisconnectWifi.html,PASS,[]
/cn/docs/dm/Apis/wifiJobs/GetConfiguredWifi.html,https://static.dpvr.com/apps/developer/devicemanager/V2/cn/Apis/wifiJobs/GetConfiguredWifi.html,PASS,[]
/cn/docs/dm/Apis/wifiJobs/GetConnectedWifiSSID.html,https://static.dpvr.com/apps/developer/devicemanager/V2/cn/Apis/wifiJobs/GetConnectedWifiSSID.html,PASS,[]
/cn/docs/dm/Apis/wifiJobs/GetMacAddress.html,https://static.dpvr.com/apps/developer/devicemanager/V2/cn/Apis/wifiJobs/GetMacAddress.html,PASS,[]
/cn/docs/dm/Apis/wifiJobs/GetScanResultList.html,https://static.dpvr.com/apps/developer/devicemanager/V2/cn/Apis/wifiJobs/GetScanResultList.html,PASS,[]
/cn/docs/dm/Apis/wifiJobs/GetWifiState.html,https://static.dpvr.com/apps/developer/devicemanager/V2/cn/Apis/wifiJobs/GetWifiState.html,PASS,[]
/cn/docs/dm/Apis/wifiJobs/GetWifiStrength.html,https://static.dpvr.com/apps/developer/devicemanager/V2/cn/Apis/wifiJobs/GetWifiStrength.html,PASS,[]
/cn/docs/dm/Apis/wifiJobs/IsNetworkAvailable.html,https://static.dpvr.com/apps/developer/devicemanager/V2/cn/Apis/wifiJobs/IsNetworkAvailable.html,PASS,[]
/cn/docs/dm/Apis/wifiJobs/IsWifiEnable.html,https://static.dpvr.com/apps/developer/devicemanager/V2/cn/Apis/wifiJobs/IsWifiEnable.html,PASS,[]
/cn/docs/dm/Apis/wifiJobs/RemoveWifiBySsid.html,https://static.dpvr.com/apps/developer/devicemanager/V2/cn/Apis/wifiJobs/RemoveWifiBySsid.html,PASS,[]
/cn/docs/dm/Apis/wifiJobs/ScanWifi.html,https://static.dpvr.com/apps/developer/devicemanager/V2/cn/Apis/wifiJobs/ScanWifi.html,PASS,[]
/cn/docs/dm/Apis/wifiJobs/SetWifiEnable.html,https://static.dpvr.com/apps/developer/devicemanager/V2/cn/Apis/wifiJobs/SetWifiEnable.html,PASS,[]
/cn/docs/dm/Apis/wifiJobs/index.html,https://static.dpvr.com/apps/developer/devicemanager/V2/cn/Apis/wifiJobs/index.html,PASS,[]
/cn/docs/dm/Apis/wifidisplayJobs/ConnectWifiDisplay.html,https://static.dpvr.com/apps/developer/devicemanager/V2/cn/Apis/wifidisplayJobs/ConnectWifiDisplay.html,PASS,[]
/cn/docs/dm/Apis/wifidisplayJobs/GetActiveWifiDisplayInfo.html,https://static.dpvr.com/apps/developer/devicemanager/V2/cn/Apis/wifidisplayJobs/GetActiveWifiDisplayInfo.html,PASS,[]
/cn/docs/dm/Apis/wifidisplayJobs/RegisterConnectionCallback.html,https://static.dpvr.com/apps/developer/devicemanager/V2/cn/Apis/wifidisplayJobs/RegisterConnectionCallback.html,PASS,[]
/cn/docs/dm/Apis/wifidisplayJobs/SetWifiDisplayEnable.html,https://static.dpvr.com/apps/developer/devicemanager/V2/cn/Apis/wifidisplayJobs/SetWifiDisplayEnable.html,PASS,[]
/cn/docs/dm/Apis/wifidisplayJobs/StartScan.html,https://static.dpvr.com/apps/developer/devicemanager/V2/cn/Apis/wifidisplayJobs/StartScan.html,PASS,[]
/cn/docs/dm/Apis/wifidisplayJobs/StopScan.html,https://static.dpvr.com/apps/developer/devicemanager/V2/cn/Apis/wifidisplayJobs/StopScan.html,PASS,[]
/cn/docs/dm/Apis/wifidisplayJobs/StopWifiDisplay.html,https://static.dpvr.com/apps/developer/devicemanager/V2/cn/Apis/wifidisplayJobs/StopWifiDisplay.html,PASS,[]
/cn/docs/dm/Apis/wifidisplayJobs/UnregisterConnectionCallback.html,https://static.dpvr.com/apps/developer/devicemanager/V2/cn/Apis/wifidisplayJobs/UnregisterConnectionCallback.html,PASS,[]
/cn/docs/dm/Apis/wifidisplayJobs/index.html,https://static.dpvr.com/apps/developer/devicemanager/V2/cn/Apis/wifidisplayJobs/index.html,PASS,[]
/cn/docs/dm/Events/battery_state_changed.html,https://static.dpvr.com/apps/developer/devicemanager/V2/cn/Events/battery_state_changed.html,PASS,[]
/cn/docs/dm/Events/bluetooth_connected_change.html,https://static.dpvr.com/apps/developer/devicemanager/V2/cn/Events/bluetooth_connected_change.html,PASS,[]
/cn/docs/dm/Events/bluetooth_scan_result.html,https://static.dpvr.com/apps/developer/devicemanager/V2/cn/Events/bluetooth_scan_result.html,PASS,[]
/cn/docs/dm/Events/bluetooth_state_changed.html,https://static.dpvr.com/apps/developer/devicemanager/V2/cn/Events/bluetooth_state_changed.html,PASS,[]
/cn/docs/dm/Events/bluetooth_stop_discovery.html,https://static.dpvr.com/apps/developer/devicemanager/V2/cn/Events/bluetooth_stop_discovery.html,PASS,[]
/cn/docs/dm/Events/cast_state_changed.html,https://static.dpvr.com/apps/developer/devicemanager/V2/cn/Events/cast_state_changed.html,PASS,[]
/cn/docs/dm/Events/index.html,https://static.dpvr.com/apps/developer/devicemanager/V2/cn/Events/index.html,PASS,[]
/cn/docs/dm/Events/messenger_received.html,https://static.dpvr.com/apps/developer/devicemanager/V2/cn/Events/messenger_received.html,PASS,[]
/cn/docs/dm/Events/ota_apply.html,https://static.dpvr.com/apps/developer/devicemanager/V2/cn/Events/ota_apply.html,PASS,[]
/cn/docs/dm/Events/ota_check_version.html,https://static.dpvr.com/apps/developer/devicemanager/V2/cn/Events/ota_check_version.html,PASS,[]
/cn/docs/dm/Events/ota_start_download.html,https://static.dpvr.com/apps/developer/devicemanager/V2/cn/Events/ota_start_download.html,PASS,[]
/cn/docs/dm/Events/proximity_sensor_distance_changed.html,https://static.dpvr.com/apps/developer/devicemanager/V2/cn/Events/proximity_sensor_distance_changed.html,PASS,[]
/cn/docs/dm/Events/rcs_server_message.html,https://static.dpvr.com/apps/developer/devicemanager/V2/cn/Events/rcs_server_message.html,PASS,[]
/cn/docs/dm/Events/record_length_size_change.html,https://static.dpvr.com/apps/developer/devicemanager/V2/cn/Events/record_length_size_change.html,PASS,[]
/cn/docs/dm/Events/system_configure_changed.html,https://static.dpvr.com/apps/developer/devicemanager/V2/cn/Events/system_configure_changed.html,PASS,[]
/cn/docs/dm/Events/video_play_status.html,https://static.dpvr.com/apps/developer/devicemanager/V2/cn/Events/video_play_status.html,PASS,[]
/cn/docs/dm/Events/wifi_display_connection_changed.html,https://static.dpvr.com/apps/developer/devicemanager/V2/cn/Events/wifi_display_connection_changed.html,PASS,[]
/cn/docs/dm/Events/wifi_display_scan_result.html,https://static.dpvr.com/apps/developer/devicemanager/V2/cn/Events/wifi_display_scan_result.html,PASS,[]
/cn/docs/dm/Events/wifi_scan_result.html,https://static.dpvr.com/apps/developer/devicemanager/V2/cn/Events/wifi_scan_result.html,PASS,[]
/cn/docs/dm/Events/wifi_state_changed.html,https://static.dpvr.com/apps/developer/devicemanager/V2/cn/Events/wifi_state_changed.html,PASS,[]
/cn/docs/dm/Examples/Messenger.html,https://static.dpvr.com/apps/developer/devicemanager/V2/cn/Examples/Messenger.html,PASS,[]
/cn/docs/dm/Examples/RemoteDeviceControl.html,https://static.dpvr.com/apps/developer/devicemanager/V2/cn/Examples/RemoteDeviceControl.html,PASS,[]
/cn/docs/dm/Examples/Sensor.html,https://static.dpvr.com/apps/developer/devicemanager/V2/cn/Examples/Sensor.html,PASS,[]
/cn/docs/dm/Examples/WifiDisplay.html,https://static.dpvr.com/apps/developer/devicemanager/V2/cn/Examples/WifiDisplay.html,PASS,[]
/cn/docs/dm/Examples/index.html,https://static.dpvr.com/apps/developer/devicemanager/V2/cn/Examples/index.html,PASS,[]
/cn/docs/dm/GettingStarted/android.html,https://static.dpvr.com/apps/developer/devicemanager/V2/cn/GettingStarted/android.html,PASS,[]
/cn/docs/dm/GettingStarted/android/introduction.html,https://static.dpvr.com/apps/developer/devicemanager/V2/cn/GettingStarted/android/introduction.html,PASS,[]
/cn/docs/dm/GettingStarted/android/javaExample.html,https://static.dpvr.com/apps/developer/devicemanager/V2/cn/GettingStarted/android/javaExample.html,PASS,[]
/cn/docs/dm/GettingStarted/android/usage.html,https://static.dpvr.com/apps/developer/devicemanager/V2/cn/GettingStarted/android/usage.html,PASS,[]
/cn/docs/dm/GettingStarted/index.html,https://static.dpvr.com/apps/developer/devicemanager/V2/cn/GettingStarted/index.html,PASS,[]
/cn/docs/dm/GettingStarted/unity.html,https://static.dpvr.com/apps/developer/devicemanager/V2/cn/GettingStarted/unity.html,PASS,[]
/cn/docs/dm/GettingStarted/unity/introduction.html,https://static.dpvr.com/apps/developer/devicemanager/V2/cn/GettingStarted/unity/introduction.html,PASS,[]
/cn/docs/dm/GettingStarted/unity/usage.html,https://static.dpvr.com/apps/developer/devicemanager/V2/cn/GettingStarted/unity/usage.html,PASS,[]
/cn/docs/dm/Introduction.html,https://static.dpvr.com/apps/developer/devicemanager/V2/cn/Introduction.html,PASS,[]
/cn/docs/dm/ReleaseNote.html,https://static.dpvr.com/apps/developer/devicemanager/V2/cn/ReleaseNote.html,PASS,[]
/cn/docs/dm/Types/ApiFinishedResult.html,https://static.dpvr.com/apps/developer/devicemanager/V2/cn/Types/ApiFinishedResult.html,PASS,[]
/cn/docs/dm/Types/ApplicationInfo.html,https://static.dpvr.com/apps/developer/devicemanager/V2/cn/Types/ApplicationInfo.html,PASS,[]
/cn/docs/dm/Types/BluetoothScanResult.html,https://static.dpvr.com/apps/developer/devicemanager/V2/cn/Types/BluetoothScanResult.html,PASS,[]
/cn/docs/dm/Types/CallBack.html,https://static.dpvr.com/apps/developer/devicemanager/V2/cn/Types/CallBack.html,PASS,[]
/cn/docs/dm/Types/CallParams.html,https://static.dpvr.com/apps/developer/devicemanager/V2/cn/Types/CallParams.html,PASS,[]
/cn/docs/dm/Types/CallResult.html,https://static.dpvr.com/apps/developer/devicemanager/V2/cn/Types/CallResult.html,PASS,[]
/cn/docs/dm/Types/ConfigureType.html,https://static.dpvr.com/apps/developer/devicemanager/V2/cn/Types/ConfigureType.html,PASS,[]
/cn/docs/dm/Types/DpvrBluetoothDevice.html,https://static.dpvr.com/apps/developer/devicemanager/V2/cn/Types/DpvrBluetoothDevice.html,PASS,[]
/cn/docs/dm/Types/WifiDisplayDeviceInfo.html,https://static.dpvr.com/apps/developer/devicemanager/V2/cn/Types/WifiDisplayDeviceInfo.html,PASS,[]
/cn/docs/dm/Types/WifiInfo.html,https://static.dpvr.com/apps/developer/devicemanager/V2/cn/Types/WifiInfo.html,PASS,[]
/cn/docs/dm/Types/WifiScanResult.html,https://static.dpvr.com/apps/developer/devicemanager/V2/cn/Types/WifiScanResult.html,PASS,[]
/cn/docs/dm/Types/index.html,https://static.dpvr.com/apps/developer/devicemanager/V2/cn/Types/index.html,PASS,[]
/cn/docs/dm/index.html,https://static.dpvr.com/apps/developer/devicemanager/V2/cn/,PASS,[]
/cn/docs/encryption/cli-user-manual.html,https://dl.dpvr.com/resources/videoencryptiontool/DPVR%20Video%20Encryption%20Tool%20V3.zip#member=CLI%20Version%2FDPVR%20Video%20Encryptor%20%E4%BD%BF%E7%94%A8%E8%AF%B4%E6%98%8E.html,PASS,[]
/cn/docs/encryption/gui-user-manual.html,https://dl.dpvr.com/resources/videoencryptiontool/DPVR%20Video%20Encryption%20Tool%20V3.zip#member=GUI%20Version%2F%E4%BD%BF%E7%94%A8%E8%AF%B4%E6%98%8E_User%20Manual.html,PASS,[]
/cn/docs/encryption/runtime/ApkEncryptor.html,https://dl.dpvr.com/resources/videoencryptiontool/DPVR%20Video%20Encryption%20Tool%20V3.zip#member=CLI%20Version%2Fruntime_tool_v3%2Fdoc%2Fcn%2FApkEncryptor.html,PASS,[]
/cn/docs/encryption/runtime/ReleaseNote.html,https://dl.dpvr.com/resources/videoencryptiontool/DPVR%20Video%20Encryption%20Tool%20V3.zip#member=CLI%20Version%2Fruntime_tool_v3%2Fdoc%2Fcn%2FReleaseNote.html,PASS,[]
/cn/docs/encryption/runtime/VideoEncryptor.html,https://dl.dpvr.com/resources/videoencryptiontool/DPVR%20Video%20Encryption%20Tool%20V3.zip#member=CLI%20Version%2Fruntime_tool_v3%2Fdoc%2Fcn%2FVideoEncryptor.html,PASS,[]
/cn/docs/encryption/runtime/index.html,https://dl.dpvr.com/resources/videoencryptiontool/DPVR%20Video%20Encryption%20Tool%20V3.zip#member=CLI%20Version%2Fruntime_tool_v3%2Fdoc%2Fcn%2Findex.html,PASS,[]
/cn/docs/encryption/video-encryption.html,https://developer.dpvr.com/resources/doc_cn.html#video-encryption,PASS,[]
/cn/docs/firmware/local-upgrade.html,https://developer.dpvr.com/resources/doc_cn.html#local-upgrade,PASS,[]
/cn/docs/gesture/beginner.html,https://dl.dpvr.com/resources/gesture/GestureDemoPlugin.zip#member=Gesture.unitypackage%21%2FAssets%2FGestureSdk%2FREADME_%E5%BC%80%E5%8F%91%E8%AF%B4%E6%98%8E_%E6%96%B0%E6%89%8B%E7%89%88.md,PASS,"[{""type"": ""verified_path_correction"", ""original"": ""Assets/GestureSdk/Plugins/Android"", ""corrected"": ""Assets/Plugins/Android"", ""basis"": ""GestureDemoPlugin.zip > Gesture.unitypackage asset pathname inventory includes Assets/Plugins/Android/gesturesdk-release.aar"", ""source"": ""https://dl.dpvr.com/resources/gesture/GestureDemoPlugin.zip"", ""assetPath"": ""Assets/Plugins/Android/gesturesdk-release.aar""}]"
/cn/docs/gesture/parameters.html,https://dl.dpvr.com/resources/gesture/doc_cn.zip#member=%E5%8F%82%E6%95%B0%E8%AF%B4%E6%98%8E%E4%B8%8E%E6%B3%A8%E6%84%8F%E4%BA%8B%E9%A1%B9.md,PASS,"[{""type"": ""verified_path_correction"", ""original"": ""Assets/GestureSdk/Plugins/Android"", ""corrected"": ""Assets/Plugins/Android"", ""basis"": ""GestureDemoPlugin.zip > Gesture.unitypackage asset pathname inventory includes Assets/Plugins/Android/gesturesdk-release.aar"", ""source"": ""https://dl.dpvr.com/resources/gesture/GestureDemoPlugin.zip"", ""assetPath"": ""Assets/Plugins/Android/gesturesdk-release.aar""}]"
/cn/docs/playback/configuration-example.html,https://dl.dpvr.com/resources/DPVR%20Video%20Play%20Configuration/AutoPlayDisposition.zip#member=AutoPlayDisposition.json,PASS,[]
/cn/docs/playback/videoplay-config.html,https://developer.dpvr.com/resources/doc_cn.html#videoplay-config,PASS,[]
/cn/docs/player/unity-player-plugin-guide.html,https://developer.dpvr.com/resources/doc_cn.html#unity-player-plugin-guide,PASS,[]
/cn/docs/rdc/client_app/index.html,https://static.dpvr.com/apps/developer/rdc/v2/cn/client_app/index.html,PASS,[]
/cn/docs/rdc/client_usage/device_usage.html,https://static.dpvr.com/apps/developer/rdc/v2/cn/client_usage/device_usage.html,PASS,[]
/cn/docs/rdc/client_usage/normal_settings.html,https://static.dpvr.com/apps/developer/rdc/v2/cn/client_usage/normal_settings.html,PASS,[]
/cn/docs/rdc/client_usage/setting_by_config.html,https://static.dpvr.com/apps/developer/rdc/v2/cn/client_usage/setting_by_config.html,PASS,[]
/cn/docs/rdc/dev_guide.html,https://static.dpvr.com/apps/developer/rdc/v2/cn/dev_guide.html,PASS,[]
/cn/docs/rdc/index.html,https://static.dpvr.com/apps/developer/rdc/v2/cn/,PASS,[]
/cn/docs/rdc/lib_dev/RDCLib.html,https://static.dpvr.com/apps/developer/rdc/v2/cn/lib_dev/RDCLib.html,PASS,[]
/cn/docs/rdc/lib_dev/clientmanager.html,https://static.dpvr.com/apps/developer/rdc/v2/cn/lib_dev/clientmanager.html,PASS,[]
/cn/docs/rdc/lib_dev/content.html,https://static.dpvr.com/apps/developer/rdc/v2/cn/lib_dev/content.html,PASS,[]
/cn/docs/rdc/lib_dev/devicecontrol.html,https://static.dpvr.com/apps/developer/rdc/v2/cn/lib_dev/devicecontrol.html,PASS,[]
/cn/docs/rdc/lib_dev/devicefound.html,https://static.dpvr.com/apps/developer/rdc/v2/cn/lib_dev/devicefound.html,PASS,[]
/cn/docs/rdc/lib_dev/init.html,https://static.dpvr.com/apps/developer/rdc/v2/cn/lib_dev/init.html,PASS,[]
/cn/docs/rdc/lib_dev/message.html,https://static.dpvr.com/apps/developer/rdc/v2/cn/lib_dev/message.html,PASS,[]
/cn/docs/rdc/lib_dev/package.html,https://static.dpvr.com/apps/developer/rdc/v2/cn/lib_dev/package.html,PASS,[]
/cn/docs/rdc/lib_dev/video.html,https://static.dpvr.com/apps/developer/rdc/v2/cn/lib_dev/video.html,PASS,[]
/cn/docs/rdc/server_dev/index.html,https://static.dpvr.com/apps/developer/rdc/v2/cn/server_dev/index.html,PASS,[]
/cn/docs/troubleshooting/connection-issue.html,https://developer.dpvr.com/resources/doc_cn.html#connection-issue,PASS,[]
/en/docs/cast/screen-casting.html,https://developer.dpvr.com/resources/doc_en.html#screen-casting,PASS,[]
/en/docs/copy/configuration-example.html,https://dl.dpvr.com/resources/DPVR%20TF%20Card%20Copy%20Tool/CopyTool.zip#member=copy_config.json,PASS,"[{""type"": ""language_neutral_code_mirror"", ""sourceId"": ""73baf3537375c692"", ""basis"": ""Unchanged language-neutral JSON from the official package; no translation of code.""}]"
/en/docs/copy/copy-tool-guide.html,https://developer.dpvr.com/resources/doc_en.html#copy-tool-guide,PASS,[]
/en/docs/dm/Apis/activityJobs/GetRunningPackages.html,https://static.dpvr.com/apps/developer/devicemanager/V2/en/Apis/activityJobs/GetRunningPackages.html,PASS,[]
/en/docs/dm/Apis/activityJobs/GetTopPackageName.html,https://static.dpvr.com/apps/developer/devicemanager/V2/en/Apis/activityJobs/GetTopPackageName.html,PASS,[]
/en/docs/dm/Apis/activityJobs/KillBackground.html,https://static.dpvr.com/apps/developer/devicemanager/V2/en/Apis/activityJobs/KillBackground.html,PASS,[]
/en/docs/dm/Apis/activityJobs/ListRecentApps.html,https://static.dpvr.com/apps/developer/devicemanager/V2/en/Apis/activityJobs/ListRecentApps.html,PASS,[]
/en/docs/dm/Apis/activityJobs/RemoveRecentApps.html,https://static.dpvr.com/apps/developer/devicemanager/V2/en/Apis/activityJobs/RemoveRecentApps.html,PASS,[]
/en/docs/dm/Apis/activityJobs/StartActivity.html,https://static.dpvr.com/apps/developer/devicemanager/V2/en/Apis/activityJobs/StartActivity.html,PASS,[]
/en/docs/dm/Apis/activityJobs/StopPackage.html,https://static.dpvr.com/apps/developer/devicemanager/V2/en/Apis/activityJobs/StopPackage.html,PASS,[]
/en/docs/dm/Apis/activityJobs/index.html,https://static.dpvr.com/apps/developer/devicemanager/V2/en/Apis/activityJobs/index.html,PASS,[]
/en/docs/dm/Apis/batteryJobs/GetBatteryLevel.html,https://static.dpvr.com/apps/developer/devicemanager/V2/en/Apis/batteryJobs/GetBatteryLevel.html,PASS,[]
/en/docs/dm/Apis/batteryJobs/GetBatteryState.html,https://static.dpvr.com/apps/developer/devicemanager/V2/en/Apis/batteryJobs/GetBatteryState.html,PASS,[]
/en/docs/dm/Apis/batteryJobs/IsScreenOn.html,https://static.dpvr.com/apps/developer/devicemanager/V2/en/Apis/batteryJobs/IsScreenOn.html,PASS,[]
/en/docs/dm/Apis/batteryJobs/RegistBatteryStateListener.html,https://static.dpvr.com/apps/developer/devicemanager/V2/en/Apis/batteryJobs/RegistBatteryStateListener.html,PASS,[]
/en/docs/dm/Apis/batteryJobs/index.html,https://static.dpvr.com/apps/developer/devicemanager/V2/en/Apis/batteryJobs/index.html,PASS,[]
/en/docs/dm/Apis/bluetoothJobs/CancelDiscovery.html,https://static.dpvr.com/apps/developer/devicemanager/V2/en/Apis/bluetoothJobs/CancelDiscovery.html,PASS,[]
/en/docs/dm/Apis/bluetoothJobs/ConnectBluetoothDevice.html,https://static.dpvr.com/apps/developer/devicemanager/V2/en/Apis/bluetoothJobs/ConnectBluetoothDevice.html,PASS,[]
/en/docs/dm/Apis/bluetoothJobs/DisconnectBTDevice.html,https://static.dpvr.com/apps/developer/devicemanager/V2/en/Apis/bluetoothJobs/DisconnectBTDevice.html,PASS,[]
/en/docs/dm/Apis/bluetoothJobs/GetBTLocalName.html,https://static.dpvr.com/apps/developer/devicemanager/V2/en/Apis/bluetoothJobs/GetBTLocalName.html,PASS,[]
/en/docs/dm/Apis/bluetoothJobs/GetBluetoothState.html,https://static.dpvr.com/apps/developer/devicemanager/V2/en/Apis/bluetoothJobs/GetBluetoothState.html,PASS,[]
/en/docs/dm/Apis/bluetoothJobs/GetBondedDevices.html,https://static.dpvr.com/apps/developer/devicemanager/V2/en/Apis/bluetoothJobs/GetBondedDevices.html,PASS,[]
/en/docs/dm/Apis/bluetoothJobs/GetConnectedDevices.html,https://static.dpvr.com/apps/developer/devicemanager/V2/en/Apis/bluetoothJobs/GetConnectedDevices.html,PASS,[]
/en/docs/dm/Apis/bluetoothJobs/GetLocalBluetoothMac.html,https://static.dpvr.com/apps/developer/devicemanager/V2/en/Apis/bluetoothJobs/GetLocalBluetoothMac.html,PASS,[]
/en/docs/dm/Apis/bluetoothJobs/IsBluetoothEnabled.html,https://static.dpvr.com/apps/developer/devicemanager/V2/en/Apis/bluetoothJobs/IsBluetoothEnabled.html,PASS,[]
/en/docs/dm/Apis/bluetoothJobs/IsDiscovering.html,https://static.dpvr.com/apps/developer/devicemanager/V2/en/Apis/bluetoothJobs/IsDiscovering.html,PASS,[]
/en/docs/dm/Apis/bluetoothJobs/SetBTLocalName.html,https://static.dpvr.com/apps/developer/devicemanager/V2/en/Apis/bluetoothJobs/SetBTLocalName.html,PASS,[]
/en/docs/dm/Apis/bluetoothJobs/SetBluetoothEnabled.html,https://static.dpvr.com/apps/developer/devicemanager/V2/en/Apis/bluetoothJobs/SetBluetoothEnabled.html,PASS,[]
/en/docs/dm/Apis/bluetoothJobs/StartDiscovery.html,https://static.dpvr.com/apps/developer/devicemanager/V2/en/Apis/bluetoothJobs/StartDiscovery.html,PASS,[]
/en/docs/dm/Apis/bluetoothJobs/UnbindBTDevice.html,https://static.dpvr.com/apps/developer/devicemanager/V2/en/Apis/bluetoothJobs/UnbindBTDevice.html,PASS,[]
/en/docs/dm/Apis/bluetoothJobs/index.html,https://static.dpvr.com/apps/developer/devicemanager/V2/en/Apis/bluetoothJobs/index.html,PASS,[]
/en/docs/dm/Apis/controllerJobs/GetControllerBindInfo.html,https://static.dpvr.com/apps/developer/devicemanager/V2/en/Apis/controllerJobs/GetControllerBindInfo.html,PASS,[]
/en/docs/dm/Apis/controllerJobs/index.html,https://static.dpvr.com/apps/developer/devicemanager/V2/en/Apis/controllerJobs/index.html,PASS,[]
/en/docs/dm/Apis/daemonJobs/AddDaemonService.html,https://static.dpvr.com/apps/developer/devicemanager/V2/en/Apis/daemonJobs/AddDaemonService.html,PASS,[]
/en/docs/dm/Apis/daemonJobs/index.html,https://static.dpvr.com/apps/developer/devicemanager/V2/en/Apis/daemonJobs/index.html,PASS,[]
/en/docs/dm/Apis/displayJobs/SetResolution2_5K.html,https://static.dpvr.com/apps/developer/devicemanager/V2/en/Apis/displayJobs/SetResolution2_5K.html,PASS,[]
/en/docs/dm/Apis/displayJobs/SetResolution4K.html,https://static.dpvr.com/apps/developer/devicemanager/V2/en/Apis/displayJobs/SetResolution4K.html,PASS,[]
/en/docs/dm/Apis/displayJobs/SetScreenOff.html,https://static.dpvr.com/apps/developer/devicemanager/V2/en/Apis/displayJobs/SetScreenOff.html,PASS,[]
/en/docs/dm/Apis/displayJobs/SetScreenOn.html,https://static.dpvr.com/apps/developer/devicemanager/V2/en/Apis/displayJobs/SetScreenOn.html,PASS,[]
/en/docs/dm/Apis/displayJobs/index.html,https://static.dpvr.com/apps/developer/devicemanager/V2/en/Apis/displayJobs/index.html,PASS,[]
/en/docs/dm/Apis/index.html,https://static.dpvr.com/apps/developer/devicemanager/V2/en/Apis/index.html,PASS,[]
/en/docs/dm/Apis/inputJobs/DoRecenter.html,https://static.dpvr.com/apps/developer/devicemanager/V2/en/Apis/inputJobs/DoRecenter.html,PASS,[]
/en/docs/dm/Apis/inputJobs/GetInputState.html,https://static.dpvr.com/apps/developer/devicemanager/V2/en/Apis/inputJobs/GetInputState.html,PASS,[]
/en/docs/dm/Apis/inputJobs/SetInputState.html,https://static.dpvr.com/apps/developer/devicemanager/V2/en/Apis/inputJobs/SetInputState.html,PASS,[]
/en/docs/dm/Apis/inputJobs/index.html,https://static.dpvr.com/apps/developer/devicemanager/V2/en/Apis/inputJobs/index.html,PASS,[]
/en/docs/dm/Apis/locationJobs/GetCalendarTime.html,https://static.dpvr.com/apps/developer/devicemanager/V2/en/Apis/locationJobs/GetCalendarTime.html,PASS,[]
/en/docs/dm/Apis/locationJobs/GetCountriesByLanguage.html,https://static.dpvr.com/apps/developer/devicemanager/V2/en/Apis/locationJobs/GetCountriesByLanguage.html,PASS,[]
/en/docs/dm/Apis/locationJobs/GetCurTimeZone.html,https://static.dpvr.com/apps/developer/devicemanager/V2/en/Apis/locationJobs/GetCurTimeZone.html,PASS,[]
/en/docs/dm/Apis/locationJobs/GetCurrentLanguageCountry.html,https://static.dpvr.com/apps/developer/devicemanager/V2/en/Apis/locationJobs/GetCurrentLanguageCountry.html,PASS,[]
/en/docs/dm/Apis/locationJobs/GetCurrentSystemCountry.html,https://static.dpvr.com/apps/developer/devicemanager/V2/en/Apis/locationJobs/GetCurrentSystemCountry.html,PASS,[]
/en/docs/dm/Apis/locationJobs/GetCurrentSystemLanguage.html,https://static.dpvr.com/apps/developer/devicemanager/V2/en/Apis/locationJobs/GetCurrentSystemLanguage.html,PASS,[]
/en/docs/dm/Apis/locationJobs/GetSupportLanguageList.html,https://static.dpvr.com/apps/developer/devicemanager/V2/en/Apis/locationJobs/GetSupportLanguageList.html,PASS,[]
/en/docs/dm/Apis/locationJobs/SetCalendarTime.html,https://static.dpvr.com/apps/developer/devicemanager/V2/en/Apis/locationJobs/SetCalendarTime.html,PASS,[]
/en/docs/dm/Apis/locationJobs/SetLanguage.html,https://static.dpvr.com/apps/developer/devicemanager/V2/en/Apis/locationJobs/SetLanguage.html,PASS,[]
/en/docs/dm/Apis/locationJobs/SetTimeZone.html,https://static.dpvr.com/apps/developer/devicemanager/V2/en/Apis/locationJobs/SetTimeZone.html,PASS,[]
/en/docs/dm/Apis/locationJobs/index.html,https://static.dpvr.com/apps/developer/devicemanager/V2/en/Apis/locationJobs/index.html,PASS,[]
/en/docs/dm/Apis/mediaJobs/CheckDpvrMirraCastState.html,https://static.dpvr.com/apps/developer/devicemanager/V2/en/Apis/mediaJobs/CheckDpvrMirraCastState.html,PASS,[]
/en/docs/dm/Apis/mediaJobs/GetAudioRecordType.html,https://static.dpvr.com/apps/developer/devicemanager/V2/en/Apis/mediaJobs/GetAudioRecordType.html,PASS,[]
/en/docs/dm/Apis/mediaJobs/GetCurrentSystemVolume.html,https://static.dpvr.com/apps/developer/devicemanager/V2/en/Apis/mediaJobs/GetCurrentSystemVolume.html,PASS,[]
/en/docs/dm/Apis/mediaJobs/GetProjectionScreenView.html,https://static.dpvr.com/apps/developer/devicemanager/V2/en/Apis/mediaJobs/GetProjectionScreenView.html,PASS,[]
/en/docs/dm/Apis/mediaJobs/RegisterRecordingStatusListener.html,https://static.dpvr.com/apps/developer/devicemanager/V2/en/Apis/mediaJobs/RegisterRecordingStatusListener.html,PASS,[]
/en/docs/dm/Apis/mediaJobs/RegisterVideoPlayerStatusListener.html,https://static.dpvr.com/apps/developer/devicemanager/V2/en/Apis/mediaJobs/RegisterVideoPlayerStatusListener.html,PASS,[]
/en/docs/dm/Apis/mediaJobs/SetAudioRecordType.html,https://static.dpvr.com/apps/developer/devicemanager/V2/en/Apis/mediaJobs/SetAudioRecordType.html,PASS,[]
/en/docs/dm/Apis/mediaJobs/SetCurrentSystemVolume.html,https://static.dpvr.com/apps/developer/devicemanager/V2/en/Apis/mediaJobs/SetCurrentSystemVolume.html,PASS,[]
/en/docs/dm/Apis/mediaJobs/SetProjectionScreenView.html,https://static.dpvr.com/apps/developer/devicemanager/V2/en/Apis/mediaJobs/SetProjectionScreenView.html,PASS,[]
/en/docs/dm/Apis/mediaJobs/SetVideoAutoLoop.html,https://static.dpvr.com/apps/developer/devicemanager/V2/en/Apis/mediaJobs/SetVideoAutoLoop.html,PASS,[]
/en/docs/dm/Apis/mediaJobs/SetVideoModel.html,https://static.dpvr.com/apps/developer/devicemanager/V2/en/Apis/mediaJobs/SetVideoModel.html,PASS,[]
/en/docs/dm/Apis/mediaJobs/SetVideoResumePause.html,https://static.dpvr.com/apps/developer/devicemanager/V2/en/Apis/mediaJobs/SetVideoResumePause.html,PASS,[]
/en/docs/dm/Apis/mediaJobs/SetVideoSeek.html,https://static.dpvr.com/apps/developer/devicemanager/V2/en/Apis/mediaJobs/SetVideoSeek.html,PASS,[]
/en/docs/dm/Apis/mediaJobs/SetVideoStop.html,https://static.dpvr.com/apps/developer/devicemanager/V2/en/Apis/mediaJobs/SetVideoStop.html,PASS,[]
/en/docs/dm/Apis/mediaJobs/StartDpvrVideoPlayer.html,https://static.dpvr.com/apps/developer/devicemanager/V2/en/Apis/mediaJobs/StartDpvrVideoPlayer.html,PASS,[]
/en/docs/dm/Apis/mediaJobs/StartMiracast.html,https://static.dpvr.com/apps/developer/devicemanager/V2/en/Apis/mediaJobs/StartMiracast.html,PASS,[]
/en/docs/dm/Apis/mediaJobs/StartScreenRecorder.html,https://static.dpvr.com/apps/developer/devicemanager/V2/en/Apis/mediaJobs/StartScreenRecorder.html,PASS,[]
/en/docs/dm/Apis/mediaJobs/StopMiracast.html,https://static.dpvr.com/apps/developer/devicemanager/V2/en/Apis/mediaJobs/StopMiracast.html,PASS,[]
/en/docs/dm/Apis/mediaJobs/StopScreenRecorder.html,https://static.dpvr.com/apps/developer/devicemanager/V2/en/Apis/mediaJobs/StopScreenRecorder.html,PASS,[]
/en/docs/dm/Apis/mediaJobs/TakeScreenShot.html,https://static.dpvr.com/apps/developer/devicemanager/V2/en/Apis/mediaJobs/TakeScreenShot.html,PASS,[]
/en/docs/dm/Apis/mediaJobs/index.html,https://static.dpvr.com/apps/developer/devicemanager/V2/en/Apis/mediaJobs/index.html,PASS,[]
/en/docs/dm/Apis/messengerJobs/SendMessage.html,https://static.dpvr.com/apps/developer/devicemanager/V2/en/Apis/messengerJobs/SendMessage.html,PASS,[]
/en/docs/dm/Apis/messengerJobs/StartListenMessenger.html,https://static.dpvr.com/apps/developer/devicemanager/V2/en/Apis/messengerJobs/StartListenMessenger.html,PASS,[]
/en/docs/dm/Apis/messengerJobs/StopListenMessenger.html,https://static.dpvr.com/apps/developer/devicemanager/V2/en/Apis/messengerJobs/StopListenMessenger.html,PASS,[]
/en/docs/dm/Apis/messengerJobs/index.html,https://static.dpvr.com/apps/developer/devicemanager/V2/en/Apis/messengerJobs/index.html,PASS,[]
/en/docs/dm/Apis/otaJobs/CancelDownload.html,https://static.dpvr.com/apps/developer/devicemanager/V2/en/Apis/otaJobs/CancelDownload.html,PASS,[]
/en/docs/dm/Apis/otaJobs/CheckVersion.html,https://static.dpvr.com/apps/developer/devicemanager/V2/en/Apis/otaJobs/CheckVersion.html,PASS,[]
/en/docs/dm/Apis/otaJobs/GetCurVersion.html,https://static.dpvr.com/apps/developer/devicemanager/V2/en/Apis/otaJobs/GetCurVersion.html,PASS,[]
/en/docs/dm/Apis/otaJobs/StartApply.html,https://static.dpvr.com/apps/developer/devicemanager/V2/en/Apis/otaJobs/StartApply.html,PASS,[]
/en/docs/dm/Apis/otaJobs/StartOTAFileDownload.html,https://static.dpvr.com/apps/developer/devicemanager/V2/en/Apis/otaJobs/StartOTAFileDownload.html,PASS,[]
/en/docs/dm/Apis/otaJobs/index.html,https://static.dpvr.com/apps/developer/devicemanager/V2/en/Apis/otaJobs/index.html,PASS,[]
/en/docs/dm/Apis/packageJobs/CheckApkFileInstalled.html,https://static.dpvr.com/apps/developer/devicemanager/V2/en/Apis/packageJobs/CheckApkFileInstalled.html,PASS,[]
/en/docs/dm/Apis/packageJobs/CheckAppInstalled.html,https://static.dpvr.com/apps/developer/devicemanager/V2/en/Apis/packageJobs/CheckAppInstalled.html,PASS,[]
/en/docs/dm/Apis/packageJobs/CheckApplicationAuthority.html,https://static.dpvr.com/apps/developer/devicemanager/V2/en/Apis/packageJobs/CheckApplicationAuthority.html,PASS,[]
/en/docs/dm/Apis/packageJobs/DeletePackage.html,https://static.dpvr.com/apps/developer/devicemanager/V2/en/Apis/packageJobs/DeletePackage.html,PASS,[]
/en/docs/dm/Apis/packageJobs/GetAppInfoByPackageName.html,https://static.dpvr.com/apps/developer/devicemanager/V2/en/Apis/packageJobs/GetAppInfoByPackageName.html,PASS,[]
/en/docs/dm/Apis/packageJobs/GetInstallApplicationNumber.html,https://static.dpvr.com/apps/developer/devicemanager/V2/en/Apis/packageJobs/GetInstallApplicationNumber.html,PASS,[]
/en/docs/dm/Apis/packageJobs/InstallPackage.html,https://static.dpvr.com/apps/developer/devicemanager/V2/en/Apis/packageJobs/InstallPackage.html,PASS,[]
/en/docs/dm/Apis/packageJobs/ListPackages.html,https://static.dpvr.com/apps/developer/devicemanager/V2/en/Apis/packageJobs/ListPackages.html,PASS,[]
/en/docs/dm/Apis/packageJobs/RestoreDpnLauncher.html,https://static.dpvr.com/apps/developer/devicemanager/V2/en/Apis/packageJobs/RestoreDpnLauncher.html,PASS,[]
/en/docs/dm/Apis/packageJobs/SetDefaultLauncher.html,https://static.dpvr.com/apps/developer/devicemanager/V2/en/Apis/packageJobs/SetDefaultLauncher.html,PASS,[]
/en/docs/dm/Apis/packageJobs/index.html,https://static.dpvr.com/apps/developer/devicemanager/V2/en/Apis/packageJobs/index.html,PASS,[]
/en/docs/dm/Apis/remotecontrolJobs/IsServerConnected.html,https://static.dpvr.com/apps/developer/devicemanager/V2/en/Apis/remotecontrolJobs/IsServerConnected.html,PASS,[]
/en/docs/dm/Apis/remotecontrolJobs/RegisterServerMessageListener.html,https://static.dpvr.com/apps/developer/devicemanager/V2/en/Apis/remotecontrolJobs/RegisterServerMessageListener.html,PASS,[]
/en/docs/dm/Apis/remotecontrolJobs/SendMessageToServer.html,https://static.dpvr.com/apps/developer/devicemanager/V2/en/Apis/remotecontrolJobs/SendMessageToServer.html,PASS,[]
/en/docs/dm/Apis/remotecontrolJobs/StartRemoteControl.html,https://static.dpvr.com/apps/developer/devicemanager/V2/en/Apis/remotecontrolJobs/StartRemoteControl.html,PASS,[]
/en/docs/dm/Apis/remotecontrolJobs/index.html,https://static.dpvr.com/apps/developer/devicemanager/V2/en/Apis/remotecontrolJobs/index.html,PASS,[]
/en/docs/dm/Apis/sensorJobs/RegisterPSensorListener.html,https://static.dpvr.com/apps/developer/devicemanager/V2/en/Apis/sensorJobs/RegisterPSensorListener.html,PASS,[]
/en/docs/dm/Apis/sensorJobs/UnregisterPSensorListener.html,https://static.dpvr.com/apps/developer/devicemanager/V2/en/Apis/sensorJobs/UnregisterPSensorListener.html,PASS,[]
/en/docs/dm/Apis/sensorJobs/index.html,https://static.dpvr.com/apps/developer/devicemanager/V2/en/Apis/sensorJobs/index.html,PASS,[]
/en/docs/dm/Apis/storageJobs/CopyFiles.html,https://static.dpvr.com/apps/developer/devicemanager/V2/en/Apis/storageJobs/CopyFiles.html,PASS,[]
/en/docs/dm/Apis/storageJobs/GetAvailableMemory.html,https://static.dpvr.com/apps/developer/devicemanager/V2/en/Apis/storageJobs/GetAvailableMemory.html,PASS,[]
/en/docs/dm/Apis/storageJobs/GetFreeSpaceSize.html,https://static.dpvr.com/apps/developer/devicemanager/V2/en/Apis/storageJobs/GetFreeSpaceSize.html,PASS,[]
/en/docs/dm/Apis/storageJobs/GetTFCardState.html,https://static.dpvr.com/apps/developer/devicemanager/V2/en/Apis/storageJobs/GetTFCardState.html,PASS,[]
/en/docs/dm/Apis/storageJobs/GetTotalBlockSize.html,https://static.dpvr.com/apps/developer/devicemanager/V2/en/Apis/storageJobs/GetTotalBlockSize.html,PASS,[]
/en/docs/dm/Apis/storageJobs/GetTotalMemory.html,https://static.dpvr.com/apps/developer/devicemanager/V2/en/Apis/storageJobs/GetTotalMemory.html,PASS,[]
/en/docs/dm/Apis/storageJobs/GetTotalTFBlockSize.html,https://static.dpvr.com/apps/developer/devicemanager/V2/en/Apis/storageJobs/GetTotalTFBlockSize.html,PASS,[]
/en/docs/dm/Apis/storageJobs/index.html,https://static.dpvr.com/apps/developer/devicemanager/V2/en/Apis/storageJobs/index.html,PASS,[]
/en/docs/dm/Apis/systemInfoJobs/GetAndroidVersion.html,https://static.dpvr.com/apps/developer/devicemanager/V2/en/Apis/systemInfoJobs/GetAndroidVersion.html,PASS,[]
/en/docs/dm/Apis/systemInfoJobs/GetBrand.html,https://static.dpvr.com/apps/developer/devicemanager/V2/en/Apis/systemInfoJobs/GetBrand.html,PASS,[]
/en/docs/dm/Apis/systemInfoJobs/GetBuildNumber.html,https://static.dpvr.com/apps/developer/devicemanager/V2/en/Apis/systemInfoJobs/GetBuildNumber.html,PASS,[]
/en/docs/dm/Apis/systemInfoJobs/GetCPUModel.html,https://static.dpvr.com/apps/developer/devicemanager/V2/en/Apis/systemInfoJobs/GetCPUModel.html,PASS,[]
/en/docs/dm/Apis/systemInfoJobs/GetLinuxVersion.html,https://static.dpvr.com/apps/developer/devicemanager/V2/en/Apis/systemInfoJobs/GetLinuxVersion.html,PASS,[]
/en/docs/dm/Apis/systemInfoJobs/GetProductModel.html,https://static.dpvr.com/apps/developer/devicemanager/V2/en/Apis/systemInfoJobs/GetProductModel.html,PASS,[]
/en/docs/dm/Apis/systemInfoJobs/GetResolution.html,https://static.dpvr.com/apps/developer/devicemanager/V2/en/Apis/systemInfoJobs/GetResolution.html,PASS,[]
/en/docs/dm/Apis/systemInfoJobs/GetSerialNo.html,https://static.dpvr.com/apps/developer/devicemanager/V2/en/Apis/systemInfoJobs/GetSerialNo.html,PASS,[]
/en/docs/dm/Apis/systemInfoJobs/index.html,https://static.dpvr.com/apps/developer/devicemanager/V2/en/Apis/systemInfoJobs/index.html,PASS,[]
/en/docs/dm/Apis/systemJobs/DoMasterClean.html,https://static.dpvr.com/apps/developer/devicemanager/V2/en/Apis/systemJobs/DoMasterClean.html,PASS,[]
/en/docs/dm/Apis/systemJobs/GetSettingsValue.html,https://static.dpvr.com/apps/developer/devicemanager/V2/en/Apis/systemJobs/GetSettingsValue.html,PASS,[]
/en/docs/dm/Apis/systemJobs/GetSystemProperty.html,https://static.dpvr.com/apps/developer/devicemanager/V2/en/Apis/systemJobs/GetSystemProperty.html,PASS,[]
/en/docs/dm/Apis/systemJobs/GetTimeZones.html,https://static.dpvr.com/apps/developer/devicemanager/V2/en/Apis/systemJobs/GetTimeZones.html,PASS,[]
/en/docs/dm/Apis/systemJobs/RegisterConfigObserver.html,https://static.dpvr.com/apps/developer/devicemanager/V2/en/Apis/systemJobs/RegisterConfigObserver.html,PASS,[]
/en/docs/dm/Apis/systemJobs/SetSettings.html,https://static.dpvr.com/apps/developer/devicemanager/V2/en/Apis/systemJobs/SetSettings.html,PASS,[]
/en/docs/dm/Apis/systemJobs/SystemReboot.html,https://static.dpvr.com/apps/developer/devicemanager/V2/en/Apis/systemJobs/SystemReboot.html,PASS,[]
/en/docs/dm/Apis/systemJobs/SystemShutDown.html,https://static.dpvr.com/apps/developer/devicemanager/V2/en/Apis/systemJobs/SystemShutDown.html,PASS,[]
/en/docs/dm/Apis/systemJobs/UnregisterConfigureObserver.html,https://static.dpvr.com/apps/developer/devicemanager/V2/en/Apis/systemJobs/UnregisterConfigureObserver.html,PASS,[]
/en/docs/dm/Apis/systemJobs/index.html,https://static.dpvr.com/apps/developer/devicemanager/V2/en/Apis/systemJobs/index.html,PASS,[]
/en/docs/dm/Apis/wifiJobs/ConnectWifi.html,https://static.dpvr.com/apps/developer/devicemanager/V2/en/Apis/wifiJobs/ConnectWifi.html,PASS,[]
/en/docs/dm/Apis/wifiJobs/DisconnectWifi.html,https://static.dpvr.com/apps/developer/devicemanager/V2/en/Apis/wifiJobs/DisconnectWifi.html,PASS,[]
/en/docs/dm/Apis/wifiJobs/GetConfiguredWifi.html,https://static.dpvr.com/apps/developer/devicemanager/V2/en/Apis/wifiJobs/GetConfiguredWifi.html,PASS,[]
/en/docs/dm/Apis/wifiJobs/GetConnectedWifiSSID.html,https://static.dpvr.com/apps/developer/devicemanager/V2/en/Apis/wifiJobs/GetConnectedWifiSSID.html,PASS,[]
/en/docs/dm/Apis/wifiJobs/GetMacAddress.html,https://static.dpvr.com/apps/developer/devicemanager/V2/en/Apis/wifiJobs/GetMacAddress.html,PASS,[]
/en/docs/dm/Apis/wifiJobs/GetScanResultList.html,https://static.dpvr.com/apps/developer/devicemanager/V2/en/Apis/wifiJobs/GetScanResultList.html,PASS,[]
/en/docs/dm/Apis/wifiJobs/GetWifiState.html,https://static.dpvr.com/apps/developer/devicemanager/V2/en/Apis/wifiJobs/GetWifiState.html,PASS,[]
/en/docs/dm/Apis/wifiJobs/GetWifiStrength.html,https://static.dpvr.com/apps/developer/devicemanager/V2/en/Apis/wifiJobs/GetWifiStrength.html,PASS,[]
/en/docs/dm/Apis/wifiJobs/IsNetworkAvailable.html,https://static.dpvr.com/apps/developer/devicemanager/V2/en/Apis/wifiJobs/IsNetworkAvailable.html,PASS,[]
/en/docs/dm/Apis/wifiJobs/IsWifiEnable.html,https://static.dpvr.com/apps/developer/devicemanager/V2/en/Apis/wifiJobs/IsWifiEnable.html,PASS,[]
/en/docs/dm/Apis/wifiJobs/RemoveWifiBySsid.html,https://static.dpvr.com/apps/developer/devicemanager/V2/en/Apis/wifiJobs/RemoveWifiBySsid.html,PASS,[]
/en/docs/dm/Apis/wifiJobs/ScanWifi.html,https://static.dpvr.com/apps/developer/devicemanager/V2/en/Apis/wifiJobs/ScanWifi.html,PASS,[]
/en/docs/dm/Apis/wifiJobs/SetWifiEnable.html,https://static.dpvr.com/apps/developer/devicemanager/V2/en/Apis/wifiJobs/SetWifiEnable.html,PASS,[]
/en/docs/dm/Apis/wifiJobs/index.html,https://static.dpvr.com/apps/developer/devicemanager/V2/en/Apis/wifiJobs/index.html,PASS,[]
/en/docs/dm/Apis/wifidisplayJobs/ConnectWifiDisplay.html,https://static.dpvr.com/apps/developer/devicemanager/V2/en/Apis/wifidisplayJobs/ConnectWifiDisplay.html,PASS,[]
/en/docs/dm/Apis/wifidisplayJobs/GetActiveWifiDisplayInfo.html,https://static.dpvr.com/apps/developer/devicemanager/V2/en/Apis/wifidisplayJobs/GetActiveWifiDisplayInfo.html,PASS,[]
/en/docs/dm/Apis/wifidisplayJobs/RegisterConnectionCallback.html,https://static.dpvr.com/apps/developer/devicemanager/V2/en/Apis/wifidisplayJobs/RegisterConnectionCallback.html,PASS,[]
/en/docs/dm/Apis/wifidisplayJobs/SetWifiDisplayEnable.html,https://static.dpvr.com/apps/developer/devicemanager/V2/en/Apis/wifidisplayJobs/SetWifiDisplayEnable.html,PASS,[]
/en/docs/dm/Apis/wifidisplayJobs/StartScan.html,https://static.dpvr.com/apps/developer/devicemanager/V2/en/Apis/wifidisplayJobs/StartScan.html,PASS,[]
/en/docs/dm/Apis/wifidisplayJobs/StopScan.html,https://static.dpvr.com/apps/developer/devicemanager/V2/en/Apis/wifidisplayJobs/StopScan.html,PASS,[]
/en/docs/dm/Apis/wifidisplayJobs/StopWifiDisplay.html,https://static.dpvr.com/apps/developer/devicemanager/V2/en/Apis/wifidisplayJobs/StopWifiDisplay.html,PASS,[]
/en/docs/dm/Apis/wifidisplayJobs/UnregisterConnectionCallback.html,https://static.dpvr.com/apps/developer/devicemanager/V2/en/Apis/wifidisplayJobs/UnregisterConnectionCallback.html,PASS,[]
/en/docs/dm/Apis/wifidisplayJobs/index.html,https://static.dpvr.com/apps/developer/devicemanager/V2/en/Apis/wifidisplayJobs/index.html,PASS,[]
/en/docs/dm/Events/battery_state_changed.html,https://static.dpvr.com/apps/developer/devicemanager/V2/en/Events/battery_state_changed.html,PASS,[]
/en/docs/dm/Events/bluetooth_connected_change.html,https://static.dpvr.com/apps/developer/devicemanager/V2/en/Events/bluetooth_connected_change.html,PASS,[]
/en/docs/dm/Events/bluetooth_scan_result.html,https://static.dpvr.com/apps/developer/devicemanager/V2/en/Events/bluetooth_scan_result.html,PASS,[]
/en/docs/dm/Events/bluetooth_state_changed.html,https://static.dpvr.com/apps/developer/devicemanager/V2/en/Events/bluetooth_state_changed.html,PASS,[]
/en/docs/dm/Events/bluetooth_stop_discovery.html,https://static.dpvr.com/apps/developer/devicemanager/V2/en/Events/bluetooth_stop_discovery.html,PASS,[]
/en/docs/dm/Events/cast_state_changed.html,https://static.dpvr.com/apps/developer/devicemanager/V2/en/Events/cast_state_changed.html,PASS,[]
/en/docs/dm/Events/index.html,https://static.dpvr.com/apps/developer/devicemanager/V2/en/Events/index.html,PASS,[]
/en/docs/dm/Events/messenger_received.html,https://static.dpvr.com/apps/developer/devicemanager/V2/en/Events/messenger_received.html,PASS,[]
/en/docs/dm/Events/ota_apply.html,https://static.dpvr.com/apps/developer/devicemanager/V2/en/Events/ota_apply.html,PASS,[]
/en/docs/dm/Events/ota_check_version.html,https://static.dpvr.com/apps/developer/devicemanager/V2/en/Events/ota_check_version.html,PASS,[]
/en/docs/dm/Events/ota_start_download.html,https://static.dpvr.com/apps/developer/devicemanager/V2/en/Events/ota_start_download.html,PASS,[]
/en/docs/dm/Events/proximity_sensor_distance_changed.html,https://static.dpvr.com/apps/developer/devicemanager/V2/en/Events/proximity_sensor_distance_changed.html,PASS,[]
/en/docs/dm/Events/rcs_server_message.html,https://static.dpvr.com/apps/developer/devicemanager/V2/en/Events/rcs_server_message.html,PASS,[]
/en/docs/dm/Events/record_length_size_change.html,https://static.dpvr.com/apps/developer/devicemanager/V2/en/Events/record_length_size_change.html,PASS,[]
/en/docs/dm/Events/system_configure_changed.html,https://static.dpvr.com/apps/developer/devicemanager/V2/en/Events/system_configure_changed.html,PASS,[]
/en/docs/dm/Events/video_play_status.html,https://static.dpvr.com/apps/developer/devicemanager/V2/en/Events/video_play_status.html,PASS,[]
/en/docs/dm/Events/wifi_display_connection_changed.html,https://static.dpvr.com/apps/developer/devicemanager/V2/en/Events/wifi_display_connection_changed.html,PASS,[]
/en/docs/dm/Events/wifi_display_scan_result.html,https://static.dpvr.com/apps/developer/devicemanager/V2/en/Events/wifi_display_scan_result.html,PASS,[]
/en/docs/dm/Events/wifi_scan_result.html,https://static.dpvr.com/apps/developer/devicemanager/V2/en/Events/wifi_scan_result.html,PASS,[]
/en/docs/dm/Events/wifi_state_changed.html,https://static.dpvr.com/apps/developer/devicemanager/V2/en/Events/wifi_state_changed.html,PASS,[]
/en/docs/dm/Examples/Messenger.html,https://static.dpvr.com/apps/developer/devicemanager/V2/en/Examples/Messenger.html,PASS,[]
/en/docs/dm/Examples/RemoteDeviceControl.html,https://static.dpvr.com/apps/developer/devicemanager/V2/en/Examples/RemoteDeviceControl.html,PASS,[]
/en/docs/dm/Examples/Sensor.html,https://static.dpvr.com/apps/developer/devicemanager/V2/en/Examples/Sensor.html,PASS,[]
/en/docs/dm/Examples/WifiDisplay.html,https://static.dpvr.com/apps/developer/devicemanager/V2/en/Examples/WifiDisplay.html,PASS,[]
/en/docs/dm/Examples/index.html,https://static.dpvr.com/apps/developer/devicemanager/V2/en/Examples/index.html,PASS,[]
/en/docs/dm/GettingStarted/android.html,https://static.dpvr.com/apps/developer/devicemanager/V2/en/GettingStarted/android.html,PASS,[]
/en/docs/dm/GettingStarted/android/introduction.html,https://static.dpvr.com/apps/developer/devicemanager/V2/en/GettingStarted/android/introduction.html,PASS,[]
/en/docs/dm/GettingStarted/android/javaExample.html,https://static.dpvr.com/apps/developer/devicemanager/V2/en/GettingStarted/android/javaExample.html,PASS,[]
/en/docs/dm/GettingStarted/android/usage.html,https://static.dpvr.com/apps/developer/devicemanager/V2/en/GettingStarted/android/usage.html,PASS,[]
/en/docs/dm/GettingStarted/index.html,https://static.dpvr.com/apps/developer/devicemanager/V2/en/GettingStarted/index.html,PASS,[]
/en/docs/dm/GettingStarted/unity.html,https://static.dpvr.com/apps/developer/devicemanager/V2/en/GettingStarted/unity.html,PASS,[]
/en/docs/dm/GettingStarted/unity/introduction.html,https://static.dpvr.com/apps/developer/devicemanager/V2/en/GettingStarted/unity/introduction.html,PASS,[]
/en/docs/dm/GettingStarted/unity/usage.html,https://static.dpvr.com/apps/developer/devicemanager/V2/en/GettingStarted/unity/usage.html,PASS,[]
/en/docs/dm/Introduction.html,https://static.dpvr.com/apps/developer/devicemanager/V2/en/Introduction.html,PASS,[]
/en/docs/dm/ReleaseNote.html,https://static.dpvr.com/apps/developer/devicemanager/V2/en/ReleaseNote.html,PASS,[]
/en/docs/dm/Types/ApiFinishedResult.html,https://static.dpvr.com/apps/developer/devicemanager/V2/en/Types/ApiFinishedResult.html,PASS,[]
/en/docs/dm/Types/ApplicationInfo.html,https://static.dpvr.com/apps/developer/devicemanager/V2/en/Types/ApplicationInfo.html,PASS,[]
/en/docs/dm/Types/BluetoothScanResult.html,https://static.dpvr.com/apps/developer/devicemanager/V2/en/Types/BluetoothScanResult.html,PASS,[]
/en/docs/dm/Types/CallBack.html,https://static.dpvr.com/apps/developer/devicemanager/V2/en/Types/CallBack.html,PASS,[]
/en/docs/dm/Types/CallParams.html,https://static.dpvr.com/apps/developer/devicemanager/V2/en/Types/CallParams.html,PASS,[]
/en/docs/dm/Types/CallResult.html,https://static.dpvr.com/apps/developer/devicemanager/V2/en/Types/CallResult.html,PASS,[]
/en/docs/dm/Types/ConfigureType.html,https://static.dpvr.com/apps/developer/devicemanager/V2/en/Types/ConfigureType.html,PASS,[]
/en/docs/dm/Types/DpvrBluetoothDevice.html,https://static.dpvr.com/apps/developer/devicemanager/V2/en/Types/DpvrBluetoothDevice.html,PASS,[]
/en/docs/dm/Types/WifiDisplayDeviceInfo.html,https://static.dpvr.com/apps/developer/devicemanager/V2/en/Types/WifiDisplayDeviceInfo.html,PASS,[]
/en/docs/dm/Types/WifiInfo.html,https://static.dpvr.com/apps/developer/devicemanager/V2/en/Types/WifiInfo.html,PASS,[]
/en/docs/dm/Types/WifiScanResult.html,https://static.dpvr.com/apps/developer/devicemanager/V2/en/Types/WifiScanResult.html,PASS,[]
/en/docs/dm/Types/index.html,https://static.dpvr.com/apps/developer/devicemanager/V2/en/Types/index.html,PASS,[]
/en/docs/dm/index.html,https://static.dpvr.com/apps/developer/devicemanager/V2/en/,PASS,[]
/en/docs/encryption/cli-user-manual.html,https://dl.dpvr.com/resources/videoencryptiontool/DPVR%20Video%20Encryption%20Tool%20V3.zip#member=CLI%20Version%2FDPVR%20Video%20Encryptor%20User%20Manual.html,PASS,[]
/en/docs/encryption/gui-user-manual.html,https://dl.dpvr.com/resources/videoencryptiontool/DPVR%20Video%20Encryption%20Tool%20V3.zip#member=GUI%20Version%2F%E4%BD%BF%E7%94%A8%E8%AF%B4%E6%98%8E_User%20Manual.html&language=en,PASS,[]
/en/docs/encryption/runtime/ApkEncryptor.html,https://dl.dpvr.com/resources/videoencryptiontool/DPVR%20Video%20Encryption%20Tool%20V3.zip#member=CLI%20Version%2Fruntime_tool_v3%2Fdoc%2Fen%2FApkEncryptor.html,PASS,[]
/en/docs/encryption/runtime/ReleaseNote.html,https://dl.dpvr.com/resources/videoencryptiontool/DPVR%20Video%20Encryption%20Tool%20V3.zip#member=CLI%20Version%2Fruntime_tool_v3%2Fdoc%2Fen%2FReleaseNote.html,PASS,[]
/en/docs/encryption/runtime/VideoEncryptor.html,https://dl.dpvr.com/resources/videoencryptiontool/DPVR%20Video%20Encryption%20Tool%20V3.zip#member=CLI%20Version%2Fruntime_tool_v3%2Fdoc%2Fen%2FVideoEncryptor.html,PASS,[]
/en/docs/encryption/runtime/index.html,https://dl.dpvr.com/resources/videoencryptiontool/DPVR%20Video%20Encryption%20Tool%20V3.zip#member=CLI%20Version%2Fruntime_tool_v3%2Fdoc%2Fen%2Findex.html,PASS,[]
/en/docs/encryption/video-encryption.html,https://developer.dpvr.com/resources/doc_en.html#video-encryption,PASS,[]
/en/docs/firmware/local-upgrade.html,https://developer.dpvr.com/resources/doc_en.html#local-upgrade,PASS,[]
/en/docs/gesture/beginner.html,https://dl.dpvr.com/resources/gesture/GestureDemoPlugin.zip#member=Gesture.unitypackage%21%2FAssets%2FGestureSdk%2FREADME_Beginner_EN.md,PASS,"[{""type"": ""verified_path_correction"", ""original"": ""Assets/GestureSdk/Plugins/Android"", ""corrected"": ""Assets/Plugins/Android"", ""basis"": ""GestureDemoPlugin.zip > Gesture.unitypackage asset pathname inventory includes Assets/Plugins/Android/gesturesdk-release.aar"", ""source"": ""https://dl.dpvr.com/resources/gesture/GestureDemoPlugin.zip"", ""assetPath"": ""Assets/Plugins/Android/gesturesdk-release.aar""}]"
/en/docs/gesture/parameters.html,https://dl.dpvr.com/resources/gesture/doc_en.zip#member=README_PARAMETERS_AND_NOTES.md,PASS,"[{""type"": ""verified_path_correction"", ""original"": ""Assets/GestureSdk/Plugins/Android"", ""corrected"": ""Assets/Plugins/Android"", ""basis"": ""GestureDemoPlugin.zip > Gesture.unitypackage asset pathname inventory includes Assets/Plugins/Android/gesturesdk-release.aar"", ""source"": ""https://dl.dpvr.com/resources/gesture/GestureDemoPlugin.zip"", ""assetPath"": ""Assets/Plugins/Android/gesturesdk-release.aar""}]"
/en/docs/playback/configuration-example.html,https://dl.dpvr.com/resources/DPVR%20Video%20Play%20Configuration/AutoPlayDisposition.zip#member=AutoPlayDisposition.json,PASS,"[{""type"": ""language_neutral_code_mirror"", ""sourceId"": ""322e6b6aa5aab33e"", ""basis"": ""Unchanged language-neutral JSON from the official package; no translation of code.""}]"
/en/docs/playback/videoplay-config.html,https://developer.dpvr.com/resources/doc_en.html#videoplay-config,PASS,[]
/en/docs/player/unity-player-plugin-guide.html,https://developer.dpvr.com/resources/doc_en.html#unity-player-plugin-guide,PASS,[]
/en/docs/rdc/client_app/index.html,https://static.dpvr.com/apps/developer/rdc/v2/en/client_app/index.html,PASS,[]
/en/docs/rdc/client_usage/device_usage.html,https://static.dpvr.com/apps/developer/rdc/v2/en/client_usage/device_usage.html,PASS,[]
/en/docs/rdc/client_usage/normal_settings.html,https://static.dpvr.com/apps/developer/rdc/v2/en/client_usage/normal_settings.html,PASS,[]
/en/docs/rdc/client_usage/setting_by_config.html,https://static.dpvr.com/apps/developer/rdc/v2/en/client_usage/setting_by_config.html,PASS,[]
/en/docs/rdc/dev_guide.html,https://static.dpvr.com/apps/developer/rdc/v2/en/dev_guide.html,PASS,[]
/en/docs/rdc/index.html,https://static.dpvr.com/apps/developer/rdc/v2/en/,PASS,[]
/en/docs/rdc/lib_dev/RDCLib.html,https://static.dpvr.com/apps/developer/rdc/v2/en/lib_dev/RDCLib.html,PASS,[]
/en/docs/rdc/lib_dev/clientmanager.html,https://static.dpvr.com/apps/developer/rdc/v2/en/lib_dev/clientmanager.html,PASS,[]
/en/docs/rdc/lib_dev/content.html,https://static.dpvr.com/apps/developer/rdc/v2/en/lib_dev/content.html,PASS,[]
/en/docs/rdc/lib_dev/devicecontrol.html,https://static.dpvr.com/apps/developer/rdc/v2/en/lib_dev/devicecontrol.html,PASS,[]
/en/docs/rdc/lib_dev/devicefound.html,https://static.dpvr.com/apps/developer/rdc/v2/en/lib_dev/devicefound.html,PASS,[]
/en/docs/rdc/lib_dev/init.html,https://static.dpvr.com/apps/developer/rdc/v2/en/lib_dev/init.html,PASS,[]
/en/docs/rdc/lib_dev/message.html,https://static.dpvr.com/apps/developer/rdc/v2/en/lib_dev/message.html,PASS,[]
/en/docs/rdc/lib_dev/package.html,https://static.dpvr.com/apps/developer/rdc/v2/en/lib_dev/package.html,PASS,[]
/en/docs/rdc/lib_dev/video.html,https://static.dpvr.com/apps/developer/rdc/v2/en/lib_dev/video.html,PASS,[]
/en/docs/rdc/server_dev/index.html,https://static.dpvr.com/apps/developer/rdc/v2/en/server_dev/index.html,PASS,[]
/en/docs/troubleshooting/connection-issue.html,https://developer.dpvr.com/resources/doc_en.html#connection-issue,PASS,[]
